工程名称,CSV带错误测试
计算人,
计算日期,

==== 验算结果
序号,构件名称,构件类型,总体结论,立杆承载力_状态,立杆承载力_比值,扣件抗滑_状态,扣件抗滑_比值,次楞挠度_状态,次楞挠度_比值,主楞强度_状态,主楞强度_比值,不满足项,主要建议,立杆纵距(m),立杆横距(m),步距(m),次楞间距(mm),主楞间距(m),混凝土厚度(mm),梁宽(mm),梁高(mm),支撑高度(m),立杆钢管,次楞木方,主楞类型,扣件类型,施工活荷载(kN/m2)
1,正确楼板A,楼板,通过,OK,0.914,OK,0.974,OK,0.108,OK,0.529,,,1.0,1.0,1.5,200.0,1.0,120.0,,,3.6,φ48×3.0,50×80,φ48×3.0双钢管,直角扣件,2.5
2,正确楼板B,楼板,通过,OK,0.925,OK,0.986,OK,0.058,OK,0.426,,,0.9,0.9,1.5,200.0,0.9,180.0,,,4.0,φ48×3.0,50×100,φ48×3.5双钢管,直角扣件,2.5
3,正确梁,梁,不通过,FAIL,1.119,FAIL,1.193,OK,0.217,OK,0.063,立杆承载力; 扣件抗滑,减小步距以提高稳定系数; 换用壁厚更大的钢管规格; 减小立杆纵距或横距,0.8,0.6,1.5,250.0,0.8,400.0,400.0,800.0,,φ48×3.0,50×100,10#槽钢,直角扣件,2.5

==== 参数错误行
行号,构件名,错误信息
4,错误行-缺扣件,材料规格缺少字段: 扣件类型
5,错误行-间距过大,立杆纵距 数值异常: 5.0m，合理范围为 0.3~3.0m
7,错误行-扣件类型不对,"扣件类型 '对接扣件' 仅用于钢管对接接长，不适用抗滑验算，不适合用于模板支撑抗滑验算，请改用: 直角扣件, 旋转扣件"
